USE scoala_auto;

INSERT INTO MASINA (MASINA_ID, MARCA, MODELUL, ANUL, CUTIE, STARE) VALUES
(1, 'Toyota', 'Corolla', 2020, 'A', 'Activ'),
(2, 'BMW', 'X5', 2022, 'M', 'Activ'),
(3, 'Audi', 'A4', 2021, 'A', 'Activ'),
(4, 'Mercedes', 'C-Class', 2019, 'M', 'Activ'),
(5, 'Ford', 'Focus', 2020, 'A', 'Activ'),
(6, 'Honda', 'Civic', 2021, 'M', 'Activ'),
(7, 'Nissan', 'Qashqai', 2022, 'A', 'Activ'),
(8, 'Kia', 'Sportage', 2020, 'M', 'Activ'),
(9, 'Hyundai', 'Tucson', 2021, 'A', 'Activ'),
(10, 'Chevrolet', 'Cruze', 2019, 'M', 'Activ'),
(11, 'Mazda', 'CX-5', 2020, 'A', 'Activ'),
(12, 'Volvo', 'XC60', 2022, 'M', 'Activ'),
(13, 'Jeep', 'Compass', 2021, 'A', 'Activ'),
(14, 'Peugeot', '308', 2020, 'M', 'Activ'),
(15, 'Renault', 'Clio', 2021, 'A', 'Activ'),
(16, 'Volkswagen', 'Golf', 2022, 'M', 'Activ'),
(17, 'Subaru', 'Impreza', 2020, 'A', 'Activ'),
(18, 'Skoda', 'Octavia', 2021, 'M', 'Activ'),
(19, 'Lexus', 'NX', 2022, 'A', 'Activ'),
(20, 'Tesla', 'Model 3', 2021, 'A', 'Activ'),
(21, 'Toyota', 'Camry', 2020, 'A', 'Activ'),
(22, 'Ford', 'Escape', 2022, 'M', 'Activ'),
(23, 'Honda', 'Accord', 2021, 'M', 'Activ'),
(24, 'Chevrolet', 'Malibu', 2019, 'A', 'Activ'),
(25, 'BMW', '3 Series', 2020, 'M', 'Activ'),
(26, 'Audi', 'Q5', 2021, 'A', 'Activ'),
(27, 'Mercedes', 'E-Class', 2022, 'M', 'Activ'),
(28, 'Nissan', 'Altima', 2021, 'A', 'Activ'),
(29, 'Kia', 'Forte', 2020, 'M', 'Activ'),
(30, 'Hyundai', 'Sonata', 2021, 'A', 'Activ');

INSERT INTO FUNCTIE (FUNCTIE_ID, DENUMIRE_FUNCTIE) VALUES
(1, 'Instructor'),
(2, 'Administrator'),
(3, 'Director'),
(4, 'Secretar'),
(5, 'Tehnician'),
(6, 'Operator'),
(7, 'Manager'),
(8, 'Coordonator'),
(9, 'Consultant'),
(10, 'Supervizor'),
(11, 'Asistent Administrativ'),
(12, 'Recepționist'),
(13, 'Agent Vânzări'),
(14, 'Expert Financiar'),
(15, 'Instructor Tehnic'),
(16, 'Consultant Tehnic'),
(17, 'Director Executiv'),
(18, 'Trainer'),
(19, 'Mentor'),
(20, 'Responsabil Logistică'),
(21, 'Analist'),
(22, 'Inginer Software'),
(23, 'Arhitect Tehnic'),
(24, 'Specialist PR'),
(25, 'Responsabil Marketing'),
(26, 'Coordonator Training'),
(27, 'Evaluator'),
(28, 'Responsabil IT'),
(29, 'Inspector'),
(30, 'Șofer Profesional');

INSERT INTO INSTRUCTOR (ID_INSTRUCTOR, NUME, PRENUME, NUMAR_TELEFON, MASINA_ID, FUNCTIE_ID) VALUES
(1, 'Popescu', 'Ion', '0712345678', 1, 1),
(2, 'Ionescu', 'Maria', '0723456789', 2, 1),
(3, 'Dumitrescu', 'Vlad', '0734567890', 3, 1),
(4, 'Stan', 'Ana', '0745678901', 4, 1),
(5, 'Marin', 'George', '0756789012', 5, 1),
(6, 'Barbu', 'Elena', '0767890123', 6, 1),
(7, 'Chirila', 'Cristian', '0778901234', 7, 1),
(8, 'Radu', 'Diana', '0789012345', 8, 1),
(9, 'Petrescu', 'Florin', '0790123456', 9, 1),
(10, 'Voicu', 'Laura', '0711123456', 10, 1),
(11, 'Gheorghe', 'Andrei', '0722234567', 11, 1),
(12, 'Dobre', 'Bianca', '0733345678', 12, 1),
(13, 'Grigore', 'Alexandru', '0744456789', 13, 1),
(14, 'Serban', 'Claudia', '0755567890', 14, 1),
(15, 'Iacob', 'Roxana', '0766678901', 15, 1),
(16, 'Filip', 'Teodor', '0777789012', 16, 1),
(17, 'Mihai', 'Camelia', '0788890123', 17, 1),
(18, 'Nistor', 'Raluca', '0799901234', 18, 1),
(19, 'Munteanu', 'Victor', '0710012345', 19, 1),
(20, 'Stefan', 'Mihnea', '0721123456', 20, 1),
(21, 'Rusu', 'Daniela', '0732234567', 21, 1),
(22, 'Popa', 'Adrian', '0743345678', 22, 1),
(23, 'Iftime', 'Georgiana', '0754456789', 23, 1),
(24, 'Sandu', 'Oana', '0765567890', 24, 1),
(25, 'Tudor', 'Denisa', '0776678901', 25, 1),
(26, 'Enache', 'Paul', '0787789012', 26, 1),
(27, 'Dragomir', 'Irina', '0798890123', 27, 1),
(28, 'Andrei', 'Gabriel', '0719901234', 28, 1),
(29, 'Marinescu', 'Teodora', '0720012345', 29, 1),
(30, 'Ciobanu', 'Lavinia', '0731123456', 30, 1);

INSERT INTO CATEGORIE (CATEGORIE_ID, DENUMIRE_CATEGORIE) VALUES
('A', 'Mot'),
('B', 'Aut'),
('C', 'Cam'),
('D', 'Bus'),
('E', 'Trc'),
('F', 'Veg'),
('H', 'Rem'),
('I', 'Def'),
('J', 'Trl');

INSERT INTO STUDENT (STUDENT_ID, NUME, PRENUME, IDNP, DATA_NASTEREI, SEXUL_ID, CATEGORIE_ID, NUMAR_TELEFON, INSTRUCTOR_ID) VALUES
(1, 'Ivanov', 'Victor', '2001012234567', '2001-01-22', 'M', 'B', '0789123456', 1),
(2, 'Popov', 'Elena', '1999021234567', '1999-02-12', 'F', 'B', '0788123456', 2),
(3, 'Zaharia', 'Andrei', '1998073034567', '1998-07-30', 'M', 'B', '0787123456', 3),
(4, 'Lungu', 'Ana', '1999051534567', '1999-05-15', 'F', 'B', '0786123456', 4),
(5, 'Cojocaru', 'Ioan', '2002032434567', '2002-03-24', 'M', 'B', '0785123456', 5),
(6, 'Sandu', 'Maria', '2000041134567', '2000-04-11', 'F', 'B', '0784123456', 6),
(7, 'Toma', 'George', '2001051934567', '2001-05-19', 'M', 'B', '0783123456', 7),
(8, 'Dinu', 'Bianca', '2002062534567', '2002-06-25', 'F', 'B', '0782123456', 8),
(9, 'Stoica', 'Teodor', '1999120934567', '1999-12-09', 'M', 'B', '0781123456', 9),
(10, 'Preda', 'Laura', '2001031234567', '2001-03-12', 'F', 'B', '0780123456', 10),
(11, 'Enache', 'Victor', '1999052234567', '1999-05-22', 'M', 'B', '0712345678', 11),
(12, 'Mihai', 'Raluca', '2000060434567', '2000-06-04', 'F', 'B', '0723456789', 12),
(13, 'Stan', 'Florin', '2001050534567', '2001-05-05', 'M', 'B', '0734567890', 13),
(14, 'Iacob', 'Eliza', '2000102134567', '2000-10-21', 'F', 'B', '0745678901', 14),
(15, 'Cristea', 'Adrian', '2002063034567', '2002-06-30', 'M', 'B', '0756789012', 15),
(16, 'Luca', 'Anca', '1999031134567', '1999-03-11', 'F', 'B', '0767890123', 16),
(17, 'Petrescu', 'Radu', '2000081534567', '2000-08-15', 'M', 'B', '0778901234', 17),
(18, 'Voicu', 'Daniela', '2001042534567', '2001-04-25', 'F', 'B', '0789012345', 18),
(19, 'Gheorghe', 'Diana', '1999021934567', '1999-02-19', 'F', 'B', '0790123456', 19),
(20, 'Marin', 'Bogdan', '2002010434567', '2002-01-04', 'M', 'B', '0711123456', 20),
(21, 'Filip', 'Denisa', '2000090334567', '2000-09-03', 'F', 'B', '0722234567', 21),
(22, 'Dobre', 'Lucian', '2001050834567', '2001-05-08', 'M', 'B', '0733345678', 22),
(23, 'Grigore', 'Anastasia', '1999071334567', '1999-07-13', 'F', 'B', '0744456789', 23),
(24, 'Serban', 'Alex', '2000122434567', '2000-12-24', 'M', 'B', '0755567890', 24),
(25, 'Nistor', 'Raluca', '2001051534567', '2001-05-15', 'F', 'B', '0766678901', 25),
(26, 'Munteanu', 'Victor', '2000071934567', '2000-07-19', 'M', 'B', '0777789012', 26),
(27, 'Tudor', 'Anca', '1999032434567', '1999-03-24', 'F', 'B', '0788890123', 27),
(28, 'Sandu', 'Teodora', '2002020534567', '2002-02-05', 'F', 'B', '0799901234', 28),
(29, 'Dragomir', 'Mihai', '2000032234567', '2000-03-22', 'M', 'B', '0710012345', 29),
(30, 'Ciobanu', 'Irina', '1999123034567', '1999-12-30', 'F', 'B', '0721123456', 30);


INSERT INTO SEXIUNI (SEXUL_ID, DESCRIERE) VALUES
('M', 'Masculin'),
('F', 'Feminin');

INSERT INTO TIP_EVALUARE (TIP_EVALUARE_ID, DESCRIERE) VALUES
('T', 'Teoretic'),
('P', 'Practic');

INSERT INTO STATUS_PROGRAMARE (STATUS_ID, DESCRIERE) VALUES
('C', 'Confirmat'),
('A', 'Anulat'),
('P', 'Programat');

INSERT INTO INTRETINERE (INTRETINERE_ID, MASINA_ID, DESCRIERE, COST, DATA_REPARATIEI) VALUES
(1, 1, 'Schimbare ulei motor', 250.00, '2024-01-15'),
(2, 2, 'Reparatie frane', 300.00, '2024-01-20'),
(3, 3, 'Schimbare anvelope', 500.00, '2024-02-01'),
(4, 4, 'Reparatie sistem de evacuare', 400.00, '2024-02-10'),
(5, 5, 'Revizie completa', 600.00, '2024-02-15'),
(6, 6, 'Schimbare discuri si placute de frana', 350.00, '2024-02-25'),
(7, 7, 'Schimbare baterie', 200.00, '2024-03-01'),
(8, 8, 'Reparatie suspensie', 450.00, '2024-03-05'),
(9, 9, 'Revizie motor', 550.00, '2024-03-12'),
(10, 10, 'Schimbare lichid racire', 150.00, '2024-03-18'),
(11, 11, 'Schimbare filtre aer si combustibil', 180.00, '2024-03-22'),
(12, 12, 'Reparatie ambreiaj', 700.00, '2024-04-01'),
(13, 13, 'Revizie motor', 650.00, '2024-04-05'),
(14, 14, 'Schimbare ulei transmisie', 250.00, '2024-04-10'),
(15, 15, 'Reparatie sistem de directie', 400.00, '2024-04-12'),
(16, 16, 'Schimbare baterie si alternator', 450.00, '2024-04-15'),
(17, 17, 'Revizie frane', 300.00, '2024-04-20'),
(18, 18, 'Schimbare anvelope si jante', 600.00, '2024-04-25'),
(19, 19, 'Reparatie sistem electrice', 500.00, '2024-05-01'),
(20, 20, 'Revizie suspensie', 350.00, '2024-05-05'),
(21, 21, 'Schimbare lichid frana', 100.00, '2024-05-10'),
(22, 22, 'Reparatie sistem de aer conditionat', 400.00, '2024-05-15'),
(23, 23, 'Revizie completa motor', 700.00, '2024-05-20'),
(24, 24, 'Schimbare placute frana', 250.00, '2024-05-25'),
(25, 25, 'Reparatie sistem de evacuare', 300.00, '2024-06-01'),
(26, 26, 'Schimbare filtre aer', 150.00, '2024-06-05'),
(27, 27, 'Revizie ulei si anvelope', 350.00, '2024-06-10'),
(28, 28, 'Schimbare baterie', 200.00, '2024-06-15'),
(29, 29, 'Reparatie suspensie fata', 400.00, '2024-06-18'),
(30, 30, 'Schimbare ulei motor', 250.00, '2024-06-20');

INSERT INTO ANGAJAT (ANGAJAT_ID, NUME, PRENUME, IDNP, DATA_NASTEREI, SEXUL_ID, NUMAR_TELEFON, FUNCTIE_ID, SALARIU) VALUES
(1, 'Popescu', 'Vasile', '1982011234567', '1982-01-12', 'M', '0712233445', 2, 4500.50),
(2, 'Ionescu', 'Mirela', '1985072134567', '1985-07-21', 'F', '0723344556', 3, 5200.75),
(3, 'Dumitrescu', 'Dan', '1990032434567', '1990-03-24', 'M', '0734455667', 5, 4000.00),
(4, 'Marinescu', 'Alina', '1988071534567', '1988-07-15', 'F', '0745566778', 1, 4800.00),
(5, 'Radu', 'Cristian', '1989110134567', '1989-11-01', 'M', '0756677889', 4, 5100.00),
(6, 'Petrescu', 'Ana', '1992080334567', '1992-08-03', 'F', '0767788990', 6, 4700.25),
(7, 'Tudor', 'Ion', '1991011934567', '1991-01-19', 'M', '0778899001', 7, 4300.75),
(8, 'Gheorghe', 'Ioana', '1986072934567', '1986-07-29', 'F', '0789900112', 8, 4900.00),
(9, 'Vlad', 'Elena', '1993051034567', '1993-05-10', 'F', '0790011223', 3, 5200.00),
(10, 'Dobre', 'Andrei', '1990062134567', '1990-06-21', 'M', '0701122334', 2, 4500.00),
(11, 'Filip', 'Bianca', '1984051534567', '1984-05-15', 'F', '0712233445', 1, 5400.00),
(12, 'Enache', 'Vlad', '1991071134567', '1991-07-11', 'M', '0723344556', 5, 4700.50),
(13, 'Nistor', 'Claudia', '1987073034567', '1987-07-30', 'F', '0734455667', 4, 5200.75),
(14, 'Zamfir', 'Sorin', '1992041434567', '1992-04-14', 'M', '0745566778', 6, 4600.25),
(15, 'Ciobanu', 'Gabriel', '1994082334567', '1994-08-23', 'M', '0756677889', 7, 4100.50),
(16, 'Sandu', 'Corina', '1989101934567', '1989-10-19', 'F', '0767788990', 8, 5200.00),
(17, 'Toma', 'Roxana', '1986032534567', '1986-03-25', 'F', '0778899001', 3, 5000.00),
(18, 'Voicu', 'Paul', '1990080134567', '1990-08-01', 'M', '0789900112', 2, 4400.75),
(19, 'Lungu', 'Daniela', '1993052434567', '1993-05-24', 'F', '0790011223', 1, 4800.00),
(20, 'Iliescu', 'Radu', '1989070434567', '1989-07-04', 'M', '0701122334', 5, 4300.00),
(21, 'Preda', 'Cristina', '1991031734567', '1991-03-17', 'F', '0712233445', 4, 4700.00),
(22, 'Serban', 'Mihai', '1988040534567', '1988-04-05', 'M', '0723344556', 6, 5200.00),
(23, 'Iacob', 'Adriana', '1991113034567', '1991-11-30', 'F', '0734455667', 7, 4900.75),
(24, 'Stanciu', 'Alex', '1985102034567', '1985-10-20', 'M', '0745566778', 8, 4700.25),
(25, 'Cristea', 'Diana', '1992060934567', '1992-06-09', 'F', '0756677889', 3, 5400.00),
(26, 'Olteanu', 'Bogdan', '1990093034567', '1990-09-30', 'M', '0767788990', 2, 4300.75),
(27, 'Marin', 'Simona', '1989081634567', '1989-08-16', 'F', '0778899001', 1, 5100.00),
(28, 'Stan', 'Florin', '1993061434567', '1993-06-14', 'M', '0789900112', 5, 4700.00),
(29, 'Voinea', 'Anca', '1991120534567', '1991-12-05', 'F', '0790011223', 4, 5200.50),
(30, 'Tudose', 'Victor', '1990052234567', '1990-05-22', 'M', '0701122334', 6, 4900.75);
